0,1,2,3,4,5,6,7,8,9,10,11,12,13,14
0.2563134723888444,0.03144088905561662,0.05547071243651974,0.023588434247162116,0.018270689477118747,0.015869713826253993,0.03552876371819216,0.018909091015548718,0.021041957017287557,0.035688377969957503,0.015220181579989051,0.01732041084279816,0.017678099021462657,0.0112036846024252,0.01582472502716824
0.2786152512924793,-0.028116234666020916,0.03860000845415724,0.03007249805807087,0.017942894290837896,0.024199791171918058,0.027876449181540794,0.014030666419950806,0.020032883249341864,0.027685241731326242,0.03495733290678018,0.013368192325161548,0.009250983400214753,-0.0057357145822817986,0.01658895899286793
-0.5082343225660199,0.013923843134697527,0.022561761883734693,0.019587920771710822,0.010395910681160771,0.014593399445209454,0.014389977533828643,0.008817956114771435,0.009290862252099664,0.015822984118575804,0.016928505280917158,0.004722912175195764,0.01311940711525933,0.005486841184400539,-0.002038756899197167
0.14581728513094805,0.005124323787488497,-0.14643201313020968,-0.03283511041450826,-0.050942809586974815,0.006518847485596304,0.031124792092883977,0.003199785542153699,0.006323816597328773,0.011402574198760616,-0.06748277001388461,-0.0011367922419020593,0.010257859846174814,-0.03299048580056992,-0.05858010126694045
0.2805620533441166,0.03053155218249614,0.051675690472869566,0.011456180638340911,0.02490712949280083,0.009246441303575171,0.038833516330443976,0.02135669556146804,0.022251866974778083,0.026125614950409617,0.037978310093487885,0.015044599467006517,-0.004711719015452927,0.010776055500120231,0.013335214929884659
-0.40712882338153195,-0.033179109832136046,0.01764322278139417,0.017338764894148317,0.00943032306384417,-0.007476309633345558,0.01400594137666452,0.010806002210412197,0.01109081217191586,0.015305657783981682,0.009230414500320508,0.018294923144026587,-0.020920481943384805,0.005125649342838827,-0.0001977842528037717
0.26560736621308667,0.024091545607838445,0.05689526526317213,0.023463975775326842,0.020358670945310738,0.011536733803789346,0.03677965633879181,0.022775390835148627,0.021404307600946984,0.0317243417396378,0.024425566048413987,0.018146069792562596,0.017686635664060365,0.00896417642825366,0.015509500170005127
0.2559705363421347,0.027800077202096908,0.04673099802622075,0.04327738774117401,0.023908833439144288,0.02068982200559422,0.02981352613868352,0.019891248827943502,0.01833998271801835,0.02554936060734024,0.03436170964454288,0.011195991269624016,0.01861473180681085,0.0107208664486286,0.0125041300083883
0.14669462150837012,-0.017137568674727637,-0.09111709143376921,-0.04903960520632249,-0.031331706103171014,0.0012799033787278884,-0.1071900055394199,0.0014762943293363101,-0.017798511346787612,-0.04079734625790944,-0.0579691339832598,-0.03332908832890702,-0.010041387373266299,-0.01073559193730975,0.006405419194761135
-0.36602005125915127,-0.03113557282096051,0.01333755479339602,-0.03707641134236693,0.011900286666986806,0.018703004367744264,0.015558336779445169,0.034548322823294474,0.010491527717725012,0.013433237590068862,-0.012963652657855386,-0.0019382461204898126,0.015423233962700511,0.005380698790069637,0.009726932935737946
0.12737911892958026,-0.011435060027541437,-0.11107773823264627,-0.053966858554123205,-0.024881655025739406,0.007489327737333571,-0.07901638846056509,-0.040804193688402525,0.021118878877662915,-0.06863435647146754,-0.052407329572369314,0.013672969245755288,-0.00028415708301608424,-0.019565664612294576,-0.018217690835821563
0.2654864908121536,-0.017070023842289506,0.053767235565240816,0.0298234319494038,0.03287192217465252,0.022422089099000946,0.04296564206163466,0.03209759658672266,0.02724243567423987,-0.03895954846255109,0.022975050767346256,0.01635890614911229,0.02469045253486403,0.017345561586079587,0.017351959570734408
-0.29623248307375494,-0.01568904850657433,0.006416048102272333,-0.024223294544159505,0.003076632385803393,-0.022623243502761153,0.00716873941992266,-0.030894745806012033,0.009947507333170092,0.020989356384728965,-0.011240077202217019,-0.004041219099999741,-0.010384176499577442,-0.005435750370522242,-0.007465042793974148
0.2903365114955164,0.011866135170547597,0.03984596082211621,0.039969068088225236,0.024330094928662855,0.020267927571046965,0.026995393530756282,0.018008832012953873,0.016239524844562037,0.023879823073274013,0.03784678163130328,0.00976409353537017,-0.01414238151553728,0.010171897022237973,0.0139895400153095
0.2561058279122572,0.028467537491987514,0.04524015601582931,0.045304932650298536,0.019167456345892002,0.019781376193110656,0.026123924953648302,0.01899198559779396,0.014694785389022398,0.026724905546381243,0.03741778658820872,0.017224842200344995,0.019907203372039255,0.00842043275777197,0.015796049211758974
0.302660474577308,-0.04135717017276328,0.025292015930423503,0.050453942062449506,0.014490218495650636,0.021595746137668976,0.03949019736386974,0.031155507669482937,0.02487031956006923,0.024923070921836214,0.031579280667928575,-0.013879570202027732,-0.042809215295150575,0.006719141338714156,0.01418524317088543
0.17813331074228697,0.0219924080048854,0.020288561513859927,-0.05385047644369623,-0.04774150634201618,0.011828201650051188,0.03427770668648079,0.008951496055848059,-0.11777233295841129,-0.07795420067898794,0.010331013528209908,-0.02467580363514254,-0.032115327171524516,0.0020217671343760986,0.005654384140125589
0.13546315826503638,0.0032153551921744535,-0.1150635012222747,-0.025110751288529683,-0.04242721674636624,0.001818041938786536,-0.06536073039791655,-0.04008803271616876,0.009976348210885057,-0.07228197717958681,-0.03564029919554686,0.012611647025281784,0.005722099058326591,-0.02398805826217315,-0.019476880455583084
0.14011679526471493,-0.027816853510793677,-0.07657794238664252,-0.03738895687284041,-0.02685845882797319,0.014241716360346409,-0.06010728115200555,-0.003697314018675318,-0.12463819125576812,-0.06268840576931678,0.05481298579670181,-0.015806157872080385,-0.010626949566094425,0.006815433396435816,-0.00041121735966349746
-0.37028963683259897,-0.026533565352235323,0.024356982763145185,-0.030237127084459414,0.013340401585904674,0.006707895578828815,0.023762889292932455,0.011976466843351274,0.009623603806140246,0.025923531208684132,0.009370255363909754,-0.006633181068968788,-0.014477952587707421,-0.0016276843761823926,0.00410632308559997
0.23057995394533543,0.04058591994870275,0.03767281271335153,0.0476108709698987,0.02165614889396011,0.015409181513269019,0.03527407372908197,0.0007412086279702264,-0.0946597916619305,0.033496358269712534,0.03282540992255325,-0.0044514674731514995,0.029624808693942385,0.010499546429840667,0.012504167703808687
-0.18243517490298625,-0.026213621001744476,-0.04693724851839245,-0.030014616567258873,-0.014197472528679861,-0.02455084627625477,-0.035011153896821655,0.009341146696012837,0.013491460419898023,-0.021947302177613346,0.008804299791600608,-0.00988834373329641,-0.018424562938386006,-0.00980820879508106,-0.0028391533446512256
0.2827230510940348,0.024631537095459004,0.04455532960200319,0.03799908381907405,0.024177525737575582,0.014514552581403871,0.03029586975477825,0.016961064788926436,0.021954337220959467,0.02497019326449516,0.035969878149758494,0.01071786933081496,-0.009547422317728375,-0.0026653144437981057,0.012111646548588071
-0.3848287629163725,0.013691126317251149,0.013579067790444717,-0.0036051187366214262,0.004886824077348083,-0.0314331197083843,0.03310117428366159,0.015357863753502357,0.010567986559568697,0.026384137072869872,0.019296055890460677,-0.0034607148779357637,-0.00613709750518862,0.007394206948941999,0.004575573276797891
0.14717420166442177,0.019782623194740896,-0.10017294741372855,-0.016084531608267144,-0.04126391506024306,0.023559406487867685,0.035194252007531936,0.0009173866944110847,-0.03367909833381352,0.019762707373128494,-0.05654853311422924,9.75999103122432e-05,0.02684246472413954,-0.023868850370121427,-0.032343563929805814
0.27857958270111627,0.021559699499709248,0.05176743958132152,0.041287908239681544,0.020205952552514134,-0.007482567664454505,0.02368708871111686,-0.02462252742031051,0.027513721963301832,0.028339061179389884,0.029905830505883847,-0.002601041621709452,0.02115709562755795,0.013144343133288558,-0.0030723847620620706
-0.3146779814767697,-0.008999201654488856,0.007022429038166378,-0.028303384583630947,0.0020452731424380212,-0.0165439253932529,0.009432157917838245,-0.02412774731551118,0.006330297503185064,0.010157306480955914,-0.011413952360500697,-0.00576391489883536,-0.01624022145812271,-0.006288400635642691,-0.003259532079483848
0.2660355975381326,0.0318603331544057,0.05250367766324441,0.029634816135678522,-0.045661684753763275,0.004808877581691757,0.026766202740940978,0.017162834115953516,0.006434582167414197,0.03012248410268545,0.037972682911881016,0.007555609733307614,0.024511026446489247,0.01838270224681437,0.0012794604414690864
-0.2432060523912315,-0.0032088540173802263,-0.046658277927706035,0.040938144475266565,-0.01653572039364604,0.005411464080354871,-0.030449273879378444,-0.027865234327902336,0.007121753860042715,-0.03509173608386123,-0.015650893951104913,0.006863871881487349,0.011243608169420159,0.002767200990017428,-0.006310798258033539
0.11133669679102538,0.02300736043190675,-0.06807884055818965,-0.049966803097970365,-0.03829608751983923,0.0001774947199340166,-0.09512637104174504,0.002525240896774534,-0.06651823277492354,-0.07520325276355685,-0.060906451822750715,-0.020891756150497015,0.015288870139990045,-0.010270029302804542,0.002291364278991219
0.11364539759829433,-0.012104850248227482,-0.07972202994255131,-0.05876659910874781,-0.0359402073269391,0.007202936507469658,-0.10119838598156149,0.0015765358310786853,-0.07821857196145554,-0.07162341692580043,-0.031790256345029036,-0.029105057803053138,0.0005960174646500875,-0.014358678381272904,-0.000823631150509368
0.29758145995836843,0.007640151204073272,0.040938118111673735,-0.0034896249408111948,0.018888209304747265,0.018090487919270423,0.038896839377955135,0.01835816074015307,0.024028853925431075,0.03431422059870103,-0.020993992626380128,0.013762917364653904,-0.018125027428277197,0.007586047995496754,0.011892380721289307
0.24508256057280828,0.010402203571787325,0.04380249575196342,0.03357581627359991,0.022133718349554105,0.028405983131378452,0.02592177687629152,-0.0203433078568723,0.004225136932936591,0.02718187958140617,0.0324084596415665,0.008724275189203231,-0.017540479560015986,0.01110449626309165,-0.005715812492353835
-0.17869356226709127,-0.028093878549044524,-0.043415433266939696,-0.029966786088652896,-0.012099886116948953,-0.028495604606099113,-0.03388267297133862,0.007948693954709577,0.011311081608001565,-0.021748528637668515,0.001322328372303369,-0.015783481250991483,-0.019759408420505862,-0.010462345409591577,0.0011886858762031438
-0.4612618481239108,0.029033063853293888,0.01953656377469975,0.021981017880650194,0.009662326361219926,-0.019834431527307718,0.008690560131919777,-0.0040806163546187315,0.0024646551360255524,0.014948952769421705,0.012288579530102112,0.0010182216984715156,0.01569184310730628,0.004230322964716336,-0.005000008975645269
0.2761090376960447,0.035332761371317585,0.04169092922575854,0.047551567805264205,0.018806783475020118,0.02281486322334044,0.028886918960625972,0.02411716602739133,0.019345592513565775,0.025315281822536707,0.0339240501462876,0.013514930881309426,-0.02167043395355132,0.010430056831534433,0.01319969619989937
0.12074301883017048,0.04333941485694096,0.042953822415413,-0.003313960022684094,0.02060509446642726,0.0071238850251515735,0.024756732906616716,0.028075985696140667,0.019801988210093165,-0.07522071716706674,0.03716625591135877,-0.006276559884897966,0.015920754914212076,0.008013062053619015,0.015680424014850123
0.2639699989586041,-0.0039237908882931005,0.05194729163595703,0.025053569908826453,0.026226905174475904,0.013868240957692566,0.0380415338276607,0.019072548681946147,0.021823638205423625,0.035037655169699755,0.04025905954544075,0.009167827621833763,0.018281314341848504,-0.00199696979898853,0.012540378884217504
0.2941635998146722,-0.008362275300998945,0.051621397445913784,-0.023080640571952492,-0.0021231350449433172,-0.01920406542770251,0.05983590734916515,0.025058421436027996,0.021824043348683597,0.0616629355412817,0.009244508649098431,0.008731862947840589,0.0019945679009400687,0.023824609199878798,0.014177464938439702
0.1327864413395177,0.01441278856179014,-0.10952216443082118,-0.07481165100638902,-0.033223385259062065,0.00837472291934771,-0.07850443986907694,-0.04259929365748288,0.009067669438668617,-0.07213375355020618,-0.05524944748359563,0.01018149701076744,-0.005250792017811177,-0.003047557858180514,-0.011111431911121081
-0.28032190647832206,-0.00017326662228365336,0.00936706456210508,-0.03817386607346324,0.0068690385908719296,0.012508632579095867,0.01745549710560213,-0.03577766136872066,0.016533180472486614,-0.03317867223515994,-0.015323161190585839,-0.01602702992744995,-0.019668300430947878,-0.0010976980614744673,0.0063773513045908585
-0.3365324339732529,-0.032945882584907896,0.02190957348911824,0.01361934882641942,0.00872107679754705,-0.039756130519303316,0.010928576367178774,-0.017401221600997316,0.005334364218625494,0.01599925087023505,0.0073281713732211385,-0.010814496722289034,-0.030903788848805486,0.002175654218785797,-0.008292859685230414
-0.49686695731505093,0.02541571039308623,0.02037903794138416,0.019840978251106443,0.008487636059742424,0.015047592106674473,0.0113098602568561,0.01137380582747064,0.008101926806473533,0.01520004065736404,0.01554715463113063,0.008998109828709437,0.012299829662865034,-0.001656855349611974,0.005891332468144393
-0.33392088240127094,-0.03973283495267038,0.016839590564650366,0.025622466359570377,0.009427714652554481,-0.0307639564407408,-0.023359057375170057,-0.007661548187460769,0.011726760492393611,0.01352958520562975,0.0031000995988483943,-4.079711885978815e-05,-0.03032348029522758,0.006184108166200415,-0.0012585660421026372
0.10966830899172787,0.008515700618335393,-0.06444536902292777,0.0067469214063099235,-0.03951580747415368,0.0036823178663201116,-0.07202537110053166,0.0010105848990605967,-0.05713165895191517,-0.054761964623700594,-0.06375742492626414,0.009306752374929717,0.0150576153560074,-0.03923072276041559,-0.013750680426437583
-0.4332537470853953,-0.013018144464314046,0.02343676995299636,0.03065582035374129,0.0056463007089633584,0.018530902544993084,0.006760965804606702,0.00658555650070337,0.015434411163543932,0.012606128776523723,0.016138990568604416,0.007508113151328427,-0.001516785593792146,0.001922137856464076,0.0019317819873774312
-0.29735759544608514,-0.017964733307261862,0.005136785738396456,-0.024815339393837,0.0012928324599709479,-0.019461388752195597,0.015525277255756054,-0.027857785591071414,0.00682363772388589,0.01611503969285496,-0.012139853357441787,-0.0014977315935415134,-0.01751399375590154,-0.0023731717100388228,-0.0045427777371447675
0.279861696551064,-0.028032009111838726,0.042262279562316735,0.03647512266721931,0.016549134522475188,0.0016933606782744944,0.02156687826891893,0.012464167142933157,0.017313294800112664,0.025757965257670108,0.030455853350124785,0.016956965963555004,0.017241012468392106,0.008847052728967728,0.009956427376159677
-0.27718691206454793,-0.02883597766836896,0.0071196299572626855,-0.030986561655893502,0.0014876107096533104,-0.021490407946266447,0.013775602250173807,-0.03048692563284884,0.004857318192274875,0.011390838283766424,-0.009148611440698583,-0.012816554983028383,-0.022471651197411218,-0.0019505220933374572,-0.003887672484384618
0.24107341873801286,0.024756315872841668,0.05362459561236723,0.03661697346832455,-0.042894156262273234,0.011001528656281487,0.03352452870190337,0.01778184370070836,0.019815767403351742,0.03217804986261756,0.04081398709790988,0.015658107396158017,0.020482283752822215,0.017185080425668523,0.01775087779965101
0.2995099085906565,0.004103373359684873,0.04760865557476874,0.04077853746655381,0.018123627989743554,0.01719644697649808,0.03164296041030895,0.02045052748505269,0.022561740471781805,0.02728012349879812,0.03271741394592773,0.014192619352409274,-0.021336307714382524,0.011757798643178326,0.012781776175365269
-0.3354564277587825,-0.03247147263371174,0.018357837587571566,0.03384992107815678,0.007612165789728224,0.024927901463259385,0.01560808995326788,0.013212490154559787,0.011843426406172794,0.01043227936426693,0.01884322226992481,0.005566398567838633,-0.016061222555291615,0.00954971515337887,0.013554877386004497
0.29323629878541185,0.037764774430372655,0.049846331147958674,0.03199884551121558,0.017393838503745464,-0.003793325945464467,0.02269732363535984,-0.006494887466972143,0.009854931578695462,0.022619409468773888,0.03116941026948012,0.012636508477788,0.02167212454724293,0.017554989788944802,-0.008787370506207533
-0.42504151906082954,-0.02385416421538491,0.01563051192030787,0.02657345527815499,0.007893852513630952,0.013609965502866188,0.01214505115550794,0.020962440506762266,0.012852314632417351,0.0153636638275687,0.015341004532562003,-0.007628870050878753,0.016700311207827806,0.007970973978922942,0.010850210496908664
0.2378527234961008,0.026364045839724355,0.04310526529106523,0.05030978514905679,0.02273001292719086,0.014716120410463853,0.03201032523123208,0.021774706817196853,0.016076401015161633,-0.03847588137331909,0.03211481618181347,0.01854517384106919,0.005593822764063967,0.012019641964563852,0.004632242670961388
-0.2072404974321974,-0.002430984561497497,-0.04431931267882407,-0.008052155084701862,-0.018451461689398353,0.007101171586171273,-0.020516417595672833,-0.025259739546469515,0.007920710297443302,-0.030312770417212018,-0.023556116304914165,0.00901330828423377,0.00585134015677256,-0.0050124062614353305,-0.005365466525952939
0.14802173570548238,0.02441430780068057,0.04348763792318101,-0.005427560617351562,-0.031568609499162806,0.015935278377540395,0.04704573024749959,0.006095757161058249,-0.09447065210201827,-0.08448530304409457,-0.060726311095500224,0.00861034936520888,-0.0022718179217070212,-0.029082584093557098,-0.05620875598091472
0.2169776912948184,0.05246408216755156,0.04101594421753482,0.04093743753970445,0.023074254284757408,0.017321948997282826,0.03308356632717528,-0.0003597255343405236,-0.0938349077190825,0.036575449609910084,0.032784438082081174,0.0005083505899628681,0.029166809530731995,0.013063926885494957,0.0165899359527624
0.24925939573578199,0.03867395539429669,0.05462794006682895,-0.03945812891508848,0.019624809269870216,0.014944264790865287,0.03033657596411382,0.02161459573107479,0.018508579431737948,0.03261818568393366,0.04294421992943601,-0.01653045643654153,0.020489614786034546,0.008369581823787917,0.013346068970213109
-0.17915490238696397,-0.02123547846510267,-0.03572489739509604,-0.029997466422016606,-0.012402854574516975,-0.02493210908938096,-0.035609880357964335,0.00868097040949671,0.01932415429258273,-0.02341616036222125,-0.003760764748451926,-0.015617237199734244,-0.012529062719360546,-0.010840352919445002,-0.0034147558354798496
0.2822587666896292,0.047751148386409314,0.04883655889275639,0.0391933859105063,0.016773287622124083,0.010514153847373796,0.023214658556986456,-0.010128881875753136,0.011597902422961518,0.02795249919469238,0.03484930244992386,0.010187558670111875,0.018692861531648435,0.010610279590857186,-0.0029342796638827254
-0.1829500207570649,-0.03177234849813365,-0.044254297555366605,-0.028868813071701742,-0.013465221245541403,-0.028648664045060692,-0.028559459250115524,0.008685003515560868,0.012120366881633125,-0.02080406883334762,0.0017561615545562037,-0.015288242924824908,-0.019696599156254796,-0.010383147043852651,0.001498552655859385
-0.29736245476889456,-0.0031358316224286,0.00613040683137033,-0.028888515062309078,0.0026848376933696553,-0.02143848928953169,0.008197078230692894,-0.025475490478851528,0.012346168354999146,0.011525585178193402,-0.010368192518405293,-0.016031110858775174,-0.015378398862218395,-0.007272919196120527,-0.006163471404745914
-0.2822410394877125,-0.019096456162667995,-0.0012393936515914202,-0.0030764482438171187,0.006221405530735503,-0.02530217861398782,0.009838592461169143,-0.024854828892337474,0.01693460934757825,0.006767040751942056,-0.007432307321860103,-0.014053070247393972,-0.023329604477319472,-0.0029217840205445203,-0.006845334745847643
-0.1692785918386983,-0.015890320594950755,-0.03718231053921558,-0.028596226453526764,-0.01494400292035583,-0.0160824787156797,-0.0387568509081193,0.006339052267627399,0.0054996754821315915,-0.022566681704871246,-0.024453219891866437,-0.015575938177744187,-0.012322724750521142,-0.00910803071271393,0.0022878516848491995
-0.15375564893869248,-0.022491011403901213,-0.03753461208877847,-0.029522575081825656,-0.01378198911739891,-0.021848054773392453,-0.040235296921866656,0.007621514374014603,-0.001549597300565034,-0.022977059361621335,-0.02225550254384473,-0.016534612666594683,-0.01617482351813304,-0.010204446298477814,0.0006129178674227642
-0.3453095973782686,-0.03964089254987096,0.015970955762509415,0.024506977402028708,0.007167417677528954,-0.041686427498428755,0.009277184154454061,-0.014313759295001628,0.00492157453565478,0.013951029593879694,0.008065564680741804,-0.009195048710253263,-0.029788319405803683,0.0022161385363776496,-0.006773595279203767
0.15597655306044753,-0.019902871067202677,-0.0054884625536703755,-0.048207036895171244,-0.03601891370551703,0.0036613709442980765,-0.08091441760438392,0.00015874342949835548,-0.12704980492497236,-0.07101580885247315,0.033472397212014185,-0.01830255220533432,-0.032665604210288864,0.004920061306651282,0.0007455482924496721
0.25143637616153103,0.029979002716795947,0.04721445386291048,0.04342474951090397,0.018328615151660975,0.018735415301921004,0.025915548777089605,0.021101765302935043,0.01731418565022515,0.027818134237711033,0.032542946609905005,0.013026416423823486,0.011885388651539472,0.01255801259344563,0.0180881912739474
-0.47278313604713795,0.027551952260473175,0.01571672545550374,0.02614150973280151,0.00894847518408946,0.013000643070455273,0.015568073353302285,0.013135952393151247,0.010866586226030728,0.005433462132652419,0.015509449965516092,-0.0025451672487116586,0.01365357150464875,0.005973620192271405,0.0031974840512981563
0.3053834140106529,0.02404847016474773,0.04730509798570696,-0.019865124217632365,0.014568864926720682,-0.0018400716285784002,0.06153937103512053,0.02357903433163735,0.020008153371128642,0.04319918694175698,-0.006028799790528125,0.002716184390646348,-0.00483634444781618,0.004776313118891135,0.014815452033890718
0.2887670061823298,0.04251362435788198,0.04744470092443242,0.03795529710255425,0.018011683001409217,0.003573214758913166,0.02620744551252307,-0.008959254698294018,0.008890244351837096,0.025539155064186463,0.031210926520382647,0.01253797365688623,0.02257703767402904,-0.014228331367136124,-0.0026715208155903584
0.27110836687419876,0.04402529506921912,0.04852498428425458,0.03399222533107083,0.018892898498193596,-0.01418930964458879,0.026565895136025246,0.012887698558164308,0.02003608437148192,0.023867603838805585,0.035436878603952074,-0.002212182985815354,0.020942487256696236,0.016104393685930828,0.01338588334875621
0.24268080406399253,0.01710836793985863,0.04101726728428832,0.05559328477213467,0.02533920402449409,0.014549899624489883,0.025225778734786153,0.01779333929958626,0.020250048029732112,-0.10806853990873713,0.03652183974724017,0.01227191162190692,0.012254113852734949,0.019170570245818908,0.0176613128940187
-0.30976372236947103,-0.02562065938626737,0.009201657254642805,-0.019092466013377236,0.001491535415985099,-0.02804935972179583,0.010371259115043482,-0.011952890579279103,0.005059447401983068,0.011761236997439231,-0.0117133359508261,-0.005631723261354177,-0.01829870395616623,-0.004455862872971815,0.006062790152759866
-0.34721384981118103,-0.03441347970215563,0.020521092833738944,0.023818908575459843,0.0067491933983522216,-0.03962087380297213,0.012891577727649184,-0.015162658861013307,0.0047480025892646435,0.012239958453515387,0.01129567961382021,-0.00921550870507676,-0.030610185867395834,0.001155821905365373,-0.007814476121026684
-0.17846604396346621,-0.03109797340582907,-0.04329934642594464,-0.030444046472487402,-0.01228496618160952,-0.030048697992430647,-0.035583191917716035,0.008016322011486885,0.011813040832038307,-0.019135838931103953,0.0019341130663498368,-0.01683916444052919,-0.01875579993200222,-0.007861729607532597,0.0014225255871215352
-0.43308526384808665,0.029012178987559572,0.02382898795765085,-0.03965298175099167,0.008162419452779499,0.004505991192936233,0.013960405604093801,0.003601821626293709,0.01293717828815271,0.017077851627764828,0.016836280316802073,-0.002261956205649457,-0.0048099539862598295,0.0005810255736762603,-0.0013247826103773776
-0.29316584060084594,-0.03781119477261654,0.022350725353396002,-0.020610961133418544,0.010934303368041114,-0.030496979355743012,-0.030150808579667666,-0.012139707756056032,0.008445172392164559,0.014229461015180656,0.015642764092474025,-0.012062879044489333,-0.026310277166058448,0.0038055099755501206,-0.003290085561566243
0.28561544665708993,-0.029073945750489598,0.044649355165946376,0.04092835153117977,-0.030151511735345804,0.022798671007323294,-0.03390488168313039,0.01738899228113919,0.02993680046599101,0.03698501767004828,0.03903475079338364,0.025963158290520778,-0.013354607865070157,-0.0009010156672552172,0.013454621065013973
0.2513011654828071,-0.05919942034062255,0.04559104894154754,0.04637332726969739,0.021222867222102145,0.026807837972219504,0.028311477453598213,0.019799372389705968,0.023433262900251866,0.030624066735769506,0.03443157847459613,-0.0037885669343243663,0.01896914889416808,0.008791640256981292,0.006700395507847177
-0.4415056486043108,0.01722990164212801,0.018295857584204968,0.0069680093249263175,0.01232940762359792,0.019472773701730384,0.009639074432058952,-0.02177240177943845,0.00595753274794016,0.014362585858752996,0.017068267209640952,0.00515135227115999,-0.009099092055968648,0.0017735789561684765,-0.0065019966862463405
-0.262023934416364,-0.004329548358197582,-0.049734919642937095,0.04279362555488937,-0.01928472622882361,0.004025264108769021,-0.023085757783132526,-0.02488235748814157,0.004894524167592052,-0.03541698827211236,-0.010276310998398134,0.008348513256513493,0.009487138205498721,-0.006994766566512288,-0.014150553312298746
-0.44036229567383506,0.019671296549419997,0.02328273654273213,-0.023084822374149907,0.023080963665526998,0.022642605262421435,0.017144345882595113,0.01847417546936462,0.006024204571070791,0.02094265170192605,0.020069258552535087,-0.0010959151504278826,-0.0052818256709734925,0.004029921807006053,0.00383190109113308
0.2944849192552239,0.04421864153677919,0.04569852886474004,0.039055832654301695,0.019654465744745723,0.010425962018174157,0.028210162349340265,-0.008814910585407107,0.014576108379656115,0.02445595604233813,0.03634229215308461,0.009492802671384606,-0.005322460962697002,0.01183133583498813,0.005059566269692548
0.27403294215344925,0.02972783288332052,0.03712892690488301,0.04448749605927858,0.01544535751204121,0.02387560729036249,0.03157387578762328,0.022392969191120445,0.019083912552917033,0.026301698388386762,0.029389548381616004,-0.00125933185934228,-0.043540463238392606,0.013340880657622643,0.01738794956145887
-0.35365218287617306,-0.023884471424715805,0.009486540189659744,-0.0299343230494395,0.001841335070814673,0.006571316853496219,0.011387122333733768,-0.011962492767610787,0.007660011692177342,0.01367773525219048,0.003326261683679927,-0.019080743137709907,0.02159358189881643,-0.006497388352964178,0.00883689886038919
0.1158314079574895,0.011962901866961735,-0.12585923103173827,-0.014390971417069288,-0.04999757523726426,-0.017173285130993993,-0.06620333378328765,-0.0054749009170250995,-0.016865925306560184,0.018558592733919393,-0.09090479383079529,-0.011068911806412196,0.0022876292309624217,-0.03948659244474281,-0.04184580865709916
-0.5007020522117399,0.026148005247065422,0.021825219851736393,0.024167828043038006,0.012473550650177984,0.014163057906872169,0.013625362584201705,0.010905081042414643,0.0029564099067146514,0.017302617952200876,0.014965470578573907,0.00396871606797703,0.013459709015608003,-0.0009264004220638129,0.0050366260135674265
0.28503620177866207,-0.04752438304175542,0.04003521131497719,0.04900045841173642,0.010698464377482297,0.02350689987846499,0.02876282314618558,0.03005932930317532,0.02088946977800898,0.024080389206781575,-0.02121261095907927,-0.003861149621480583,0.022708033530947774,0.006014650429796235,0.011175414692441947
0.26504754265231634,-0.013543436137920096,0.04348637737025391,0.008359022044963178,0.011152523898983845,0.019212879749160527,0.037828459970191186,0.028454612689588404,0.018677491715074712,0.0296817571648266,-0.022998093301294664,-0.01059937375706034,0.027442441617285273,0.014100457948336018,0.013066538601639942
-0.49317580996014565,0.005277472683611554,0.02147169031389901,0.025279090464471868,0.008648730334601762,0.00022032896396004047,0.013184103301665827,0.0028570538785766026,0.002790307388299836,0.016700926991340653,0.014789905070798878,0.010277818512366383,0.013406975770364456,0.0054209693376703685,0.002219639174863086
0.28589778335972466,0.011944590219685844,0.047928349175820915,-0.015693492959557007,-0.01252451818511621,-0.0039934758321713525,0.048391883175939225,0.02007006794169359,0.025934213907346466,0.04891604467772267,0.01830058870489654,-0.0005610601412243314,0.026857766697514905,-0.0009447543764259335,0.008845215860495496
-0.11334651821894813,0.0025211480853386935,-0.052488027843624725,-0.04870078254568179,-0.01758761426403433,0.003637744253829006,-0.03977345779088266,-0.029349961084929824,0.007273541131933172,-0.03653014160043403,-0.022207342205135143,0.00689341076931124,0.008567981029555562,-0.0013929821349733952,-0.008147795354978393
-0.3145018836926941,-0.024486060362952707,0.009746738635381511,-0.027453464906164054,0.0031354376299877087,-0.024979773206760172,0.011388754683507377,-0.026371816322489236,0.0067806130953623565,0.009523681851848233,0.013323417415977533,-0.011346057765189725,-0.01585979906656597,-0.004928167696741899,-0.004602418066162358
-0.35960405702874015,0.010196561244806251,0.0033255670302414953,-0.033681710284929715,-0.0012025183416705936,0.001230867348710501,0.014225446519020414,-0.017943671747078175,0.007339782004247378,0.015521991495012715,-0.010041861609665262,0.002014635667912928,-0.016892896115863042,-0.00938169820880854,0.004262764253148298
0.2903120667740427,-0.05454002165451226,0.04394486078249061,0.03330309017906232,-0.025384436409313097,0.01828275790274143,0.028901255327075676,0.005630787143838905,0.014979506499255838,0.029233010933304902,0.02742932480308619,0.015042229778987995,-0.015104488555772597,0.00781998807545574,0.00951927064660046
-0.1840117043880068,-0.027320014001822924,-0.043725777344709144,-0.030891584749521014,-0.013441524977507715,-0.010884345615824492,-0.0411725427586149,0.005852068717330211,0.014484926368503398,-0.01897741137247122,0.008955596104042557,-0.016364593254426105,-0.019055932807464596,-0.011686547687658248,-0.002391410005503955
0.13119405696393577,-0.0031377488677509194,-0.11202312392659497,-0.07688506802510008,-0.03960781224547544,0.00515379090938752,-0.07351811516137816,-0.04356544245471018,0.008810309601137782,-0.07080682819460064,-0.05693682225870485,0.01330999017498804,-0.0004098827714663659,-0.008174501396587515,-0.024033600120735212
-0.3148403875181133,0.038006589784870766,0.019630716025746026,0.012624669818059436,0.0049573183350419886,-0.05338281267988381,0.008686018220683983,-0.015992666003074717,0.0019047285263327602,0.0154342117780153,0.017885478536217136,0.001983017313154525,-0.026399865821257,0.001085280070341816,-0.0022130941597904037
0.29785075196293986,0.015958513871587338,0.04519694379560377,0.03621044902128649,0.022479543063358854,0.010203502100066715,0.03618890175972723,0.01535109903553356,0.026642166027912837,0.02202657459626934,0.02997029271714193,0.019567781790251357,-0.020910152639193564,0.008148584581156004,-0.005515749457296485
-0.5043533846519469,0.03114788109568758,0.02277962570811598,0.02768292248662211,0.007270540497225184,0.016913839772342006,0.0076908538921355895,0.009374450028623964,0.011057092632013111,0.01481988526406345,0.014735066454582965,0.008704173727752028,0.01297145042386899,0.005270637945211147,0.003304166950047287
0.12092564300198697,0.022027783753140948,-0.14596807805334666,-0.006070477306843103,0.0025091182504530167,0.01597507632492155,-0.05317579014343412,0.002357180812632064,-0.04993844247748772,0.014315180929883646,-0.07684303662452026,-0.006326200264114872,-0.003671552891903464,-0.02450330662507774,-0.0522438964599454
-0.19471810032216907,-0.00451385673969372,-0.05854408525044736,0.00548876656322446,-0.02440085668939422,0.0033646668623669635,-0.036780149112448854,-0.029957041917127634,0.004439709376103503,-0.03402806112655864,-0.02142466933054115,0.0063213794359972195,0.0013333525438052787,-0.0030135462918003016,-0.014198305774971645
-0.4543998092312256,-0.018352116612461892,0.018966823928382493,0.02194082734895096,0.0029351691087239565,-0.014721897039262495,0.007979295822545517,0.0083236219225585,0.006620659495242038,0.009232293683397565,0.01205061307544988,0.006068280323089536,0.014736034487037638,0.0073990671384707215,0.0005903387754460655
-0.3811452804008323,-0.034101613738154735,0.014406332915272699,0.021348171494496634,0.008256761261489715,-0.014758248183340206,0.01236851626968006,0.01932105056945041,0.007468240772283953,0.01275606779500365,0.014993716377516236,-0.0017986264012368044,-0.029495804838043704,-0.012311617156349755,0.012061535489108738
-0.3254844937359457,0.022297094498430953,0.004884519083823271,-0.02527594135240967,0.004799120507721509,-0.02145021830177166,0.00947831918194878,-0.03577848207798716,0.006440428492324496,0.01153281036219719,-0.013881459433248039,-0.0016099387591960556,-0.02566951107008479,-0.009022821175253324,-0.0018902239942053824
-0.4672023312765509,0.028795469696822985,0.022598950619422468,-0.028116468126492187,0.003226939750858691,-0.0035616639960407183,0.010832954455550069,0.01490740158163576,0.013789980783773007,0.013812837959558179,0.015459171629444471,0.012708788996601054,0.01373434704802105,0.003513400765493114,0.004869422338247356
-0.17737769864068662,-0.028587823417166543,-0.04646614816395534,-0.03153980873374137,-0.013151779045225966,-0.027579835525097456,-0.037056525232439866,0.009173316012866575,0.011758570807678642,-0.020861800992577985,0.002398426640687292,-0.013628093889964332,-0.019828672880000443,-0.010656528934371143,0.002773604220339558
0.10324633591045587,0.005753565228600211,-0.08892429552910687,-0.000961703768056304,-0.04100071375034096,0.017546226359529876,-0.06093100958447841,-0.005172761154719712,-0.05965194253794916,-0.03809480511059116,-0.0644602953999943,0.0013735977528787674,-0.011243294491698717,-0.03703786834027324,-0.03107183335791081
0.2816408551177586,-0.0007395979334289006,0.06107340470524516,-0.0032019511951329005,0.002809922150619141,-0.018132961504344014,0.05730845852212431,0.028525814388616743,0.021332385570153413,0.06296542878471134,-0.029527940774006993,-0.000988609949030348,-0.002091007487626037,0.023310278904313052,0.015084722926372291
-0.15723029369889094,-0.021492005326289948,-0.038939824972388376,-0.03131241454727227,-0.01495476628676323,-3.495774782222932e-05,-0.04503936093135012,0.0047646157324591175,-0.01889488464414046,-0.025033587672119665,-0.023026927412289188,-0.012812818435128805,-0.011816733766459326,-0.0056236495817142485,0.0008168115165144564
0.31892580859027386,-0.021275643853963824,0.05928160861567265,-0.03847454823415206,0.027943898492509632,-0.01226341385273094,0.035505180076682644,-0.002155565938049075,0.025417176639069422,-0.04841516713998943,0.0351573420924951,-0.01843237948138332,-0.04170105730303445,0.014458977733575093,0.0053969857893697674
0.2593979968068233,0.03880631070200485,0.051612527763735934,0.008269040554066473,0.02313130136846482,0.01584038028104802,0.036451355733317786,0.02167530302697443,0.018065358851622432,0.032480038403734236,0.036349167624309994,0.013060386278079572,0.01542770218479352,0.012517070702173007,0.016285261945196975
0.2529287887911994,0.051853448302650276,0.051862888498170785,0.05331769661313271,0.026399145885889288,0.016264182257531894,0.03402598511926062,0.005894725294844686,-0.017831787169327304,0.03409029259860589,0.03469899579384086,-0.0010591473615947143,0.026330489736494416,0.013509264185396592,0.017084233680249607
0.26172391857352706,0.02336632396602989,0.05111716959199117,0.00795682005681678,0.024153638208656063,0.01927846887100559,0.03156741606213795,0.02017131577024962,0.020580057358144117,0.028653889666214235,0.03991776041303472,0.012256545992880103,0.015220744938625744,0.010634763087278273,0.01277036966975391
0.29299411445880097,-0.014033885669664464,0.052490733620394525,-0.02731222804159293,0.014975863739110985,-0.004038144458962804,0.04425769790842287,0.01977004104624278,0.021778032822296473,0.03118678099970411,0.04052548196410072,-0.022847683259061863,0.025427928216640115,0.009121155651549806,0.015073313228363581
-0.28367298329168544,-0.024308307948226526,0.0073226866088946475,-0.027062761713402023,0.002946224502375641,-0.02390505004599497,0.010160051740418244,-0.0313950121831952,0.004633905799759012,0.011634338352103783,-0.010964803020754903,-0.000856508199761952,-0.026588476420456177,-0.004635861024882304,-0.003938240928846968
-0.28792619616121545,-0.020905169561366423,0.007147722771900743,-0.026177413401322184,0.0036098718388586273,-0.023889850880140097,0.010223620623737684,-0.029853066108586544,0.010794102270725405,0.012840229491196403,-0.009248776512572172,-0.008076839223539588,-0.025530952157599953,0.002143443807579472,-0.005781524571311266
0.24107619235538472,0.018871756196365184,0.05084800478254251,0.035780517969263674,-0.06678290101491913,0.017350801727713715,0.027831532326285366,0.018258021753122914,0.019803276876519494,0.03369201126055146,0.036251878515859225,0.013926798073452483,0.019750612662438504,0.006900899982524291,0.01580979875924056
-0.28017941145305275,-0.025656565181939338,0.012498661557898543,-0.02140286215748717,0.0025093919726787975,-0.023971919557051222,0.01402914126534672,-0.03120614873104124,0.009651852879839332,0.012170377201407564,-0.012966634865052246,-0.012737504544268963,-0.022262007212147345,-0.003017137400216677,-0.008090031548569016
-0.3989693410064203,-0.004675088813116504,0.016704259204236824,0.017151088195853745,-0.00021431154143733425,0.025923877488461693,0.010496807346678022,0.016078222368523385,0.013742803952331762,-0.015424214153194895,0.015143799204138213,-0.013104373439652858,0.014180311935097726,0.007335483333440218,0.0049998781514054265
-0.4435614482593271,-0.018410946798035652,0.01987148607369911,0.023287397476494304,0.007834548241758383,0.012708917526243937,0.009681235913268794,-0.017717241165443445,0.005483170553716928,0.013230441216208998,0.015699465078729914,0.008790089814947328,0.013219229726404727,0.0059416417840821535,-0.006688784956403539
-0.30020933790110094,-0.01729173220567833,0.006422338090293085,-0.03328820491004278,-0.00022632343697562334,-0.018102574751088646,0.01061439383272703,-0.025511032727732502,0.005574119408153909,0.012183438986417463,-0.009195766249261357,-0.013983950318134116,-0.006703383297672649,0.0031135641490656406,-0.004026346442625575
0.14225469406004126,-0.02949950612140165,-0.07418630364800766,0.009090098176824437,0.0304267137541711,0.010304425223551203,-0.05598541008783275,-0.010254124255140579,-0.12159189344015839,-0.07258294070460206,-0.012940835182061725,-0.010725389126200205,-0.020928668820350077,-0.00040934508475026744,0.006397687482262292
0.23803279478473488,0.03265320497769045,0.051167424128937114,0.059812472315449026,0.037400746848163996,0.006691709416906466,-0.03306429095978839,0.01655907610896168,0.033469058251443,0.03102414178036269,0.04753114288642293,0.020261460998004816,0.020058639925308472,0.004360532283502459,0.013411088480245713
0.14187228258607082,0.027566337762434865,-0.09712534697858353,-0.04539551547792977,-0.03987089363875076,0.018836616155260926,-0.056013034312075737,-0.03742797510976319,0.005527078970321342,-0.06534492865357226,-0.03936211257806044,0.01188961025454114,0.022780993166951133,-0.006176968017394763,-0.0023869419031046202
0.2780558150228616,-0.02142632959120244,0.054582370756918235,-0.009163055855019394,-0.009908327185158682,-0.009177070750168369,0.04722807025051975,0.025524467538172033,0.024254668580322318,0.06273783343844316,-0.029976423707557872,0.015023142249533595,-0.006189067005881933,0.012729961562333659,0.015073146922229238
0.25160443650937325,0.03255984157262182,0.046423260095175466,0.04024161942727618,0.025456422206152546,0.021904840785222646,0.029380402975072606,0.011412607423870687,0.020089687651328177,0.030966497937520685,0.03848118391672755,-0.0014617582564727396,0.017345613457634818,0.010990150655928064,0.013974395868913324
0.26374015779979504,0.04086451451397058,0.04714183914182117,0.041493475365981726,0.01901070546649878,0.002984550279391188,0.03372764494468878,0.01728493184376387,0.01696756006536064,0.027642072413247308,0.03506225800201117,-0.0017988989170867606,0.0201615095185968,0.011888936953744947,0.01319794483455974
-0.2569687817274969,0.003229235934959395,-0.05223315519671672,0.044823844796206824,-0.02413618964529295,0.00674670384980793,-0.028051461874393092,-0.022983315913029715,0.008774526605975826,-0.03308725037871518,-0.011133580971569215,0.00964165485878942,0.0125524959475968,0.0024511655931750264,-0.0102566896529524
0.12736486778427822,-0.0069887315905526794,-0.12873872003000317,-0.039398137718667486,-0.0483774411415437,0.004997684758607725,-0.08125564758789319,-0.04732150694809743,0.010677352649622638,-0.07692040810511859,-0.0538380238747017,0.010383853429969338,0.0009890592922912628,0.0011812999815409874,-0.023386298673387318
-0.32312346648905377,0.018086309439320755,0.0019055919457270519,-0.03693286612160624,0.0046691804490500265,0.00041887540558798066,0.013592142810085986,-0.043517801084049665,0.007185773960955002,-0.009345334610194692,-0.0026642826305298645,-0.014753544525384852,-0.008636087054264269,-0.0033959205837638777,0.005880631314465315
0.11772287709401473,-0.02308364926419687,-0.0804648260942549,-0.05958855527513862,-0.027812808680877193,-0.0011396627468160583,-0.09346415573270479,0.0034162986575867003,-0.07836599630723788,-0.05914253626510416,-0.05870636587892784,-0.028054680142851837,0.008083535265248406,0.0063579082071592045,-0.006388180609554279
0.11461973196508281,-0.03080786034150847,-0.09568811603442436,-0.05664414128767472,-0.028260736430213162,0.00611319669997843,-0.09827848350327087,0.002592876453393887,-0.055870965540351356,-0.06668654600875905,-0.05040900556786441,-0.030575599107239563,0.0044023098487010505,-0.017938892731931475,0.0028014338124262923
0.13772532032421395,-0.010808968294565213,-0.1063170148008518,-0.07880320284534247,-0.03956022487807529,0.002757519882369748,-0.06304404400666697,-0.03589228975299743,0.015100100435630748,-0.07395114657850016,-0.03367336481910143,0.015372564282895485,0.008386087701354461,-0.013353105402724342,-0.02456902902129439
0.25623575902480633,-0.04626803203384616,0.04755306364936578,-0.05057417797885916,0.006691092735948451,-0.04673383678645521,0.0244500725285443,-0.006915168575209446,0.01214244356368908,0.0313992210707315,0.012925620477367636,-0.022695816071820467,0.007007622264399735,0.008608091919457933,0.015543246438224568
0.13062106147075797,-0.015845916703429556,-0.1193964087873744,-0.04784478779439706,-0.047961478122225544,0.0010303471467278803,-0.07615785842604818,-0.03229401163450767,0.012849546262866602,-0.07293946907508704,-0.03039408269677221,-0.015286495006055834,0.0024924541851373233,-0.009782816679650072,-0.019720881913597298
-0.44969823295693845,0.020937944608579038,0.022359523125095662,0.020936626242268455,-0.008803096901099214,0.0178739568396754,0.015039232253838006,-0.005565388782031198,0.00015561038327941315,0.01496504627095414,0.015725147337336355,0.0070474940497931736,-0.011792015745280996,-0.002912827114175681,-0.006899817384949374
-0.18280098512502566,-0.027259268055770423,-0.045088953151833915,-0.03005571381306837,-0.014191128399501686,-0.03041400134365603,-0.031237698407822416,0.010675158701469543,0.012229647035351688,-0.018765365875146062,-0.0022110969817320967,-0.015439568459450088,-0.02151837625708822,-0.00992707217319071,0.005373624532809476
-0.3358269764897397,-0.0024228137622189978,0.005167794180921497,-0.030064294723682165,0.0010931831824794306,-0.01325480911720342,0.011343482986803372,-0.03512937050367056,0.006478695224281051,0.014058972794152896,-0.009289937853409608,-0.00899567382914812,0.016856637972023136,-0.004038218079409994,-0.006607469755834146
-0.1789352125364124,-0.017620419664719618,-0.03692977798078032,-0.028772962413830594,-0.013519676181163509,-0.02261136453008679,-0.03686557396447256,0.008009131390882577,0.014131690596017973,-0.02953826681008712,-0.003436457882706672,-0.01657225833139657,-0.010423402050856656,-0.009292460569692195,0.0017462131556494093
0.26264687738330444,0.034313041629952905,0.048368412664468736,0.04037125792279557,0.02024355665780631,0.019524006012449385,0.030008537855107206,0.013336339866999095,0.015186856697239482,0.0261482642464571,0.03354226214653451,0.010794911782732263,0.014947933149464071,0.009976995620612173,0.00995994859042157
-0.15543755243520224,-0.003964923174346092,-0.05075132507663609,-0.02030899513135217,-0.024908654375226342,-0.00036740786430924666,-0.034762279375412215,-0.024985271557560213,0.011824399099720065,-0.03568855928348308,-0.02112773093815293,0.0074492655869578565,0.004060539367035849,-0.00940123155659627,-0.012261071059091893
0.12191250441302373,-0.008911376614518695,-0.12857240922248897,-0.024925778676358305,-0.035079749792973174,0.003946648059029823,-0.07551774048762766,-0.045166724861952154,0.014694219714434539,-0.07440775230310176,-0.053872515134776255,0.005356774403399168,0.002159150613180049,-0.016010444929988595,-0.016235602952936967
0.24878978262493107,0.01886383887851338,0.038949225682881485,0.025127557288950025,0.010946358351435474,0.013461058023693365,0.04334496562915775,0.022320026166841922,0.017973304915549854,-0.09779911717691006,0.031839503742476946,0.009035191602441183,-0.003657724082177337,0.011396126212298296,0.01877910436626173
0.14024411731054137,-0.015898959767127213,-0.09672138927808073,-0.07827812220016651,-0.03600332768209159,0.004508455859846398,-0.06480888628818325,-0.03957879031827211,0.009087777742378938,-0.07012059547125452,-0.030943782823624717,0.012940325062505241,0.005582669500758902,-0.0027920671534584283,-0.017848222267426876
-0.47435624320101666,0.020513689833114836,0.02218301054021167,0.03292355359923876,0.010028599587268094,0.009712001260929944,0.013877197600125077,-0.011749241867002531,0.012333559756364179,0.015260224396044188,0.014547621951703902,-0.0025582532788976033,0.021693167403258756,0.005951949226485398,0.009008365418516406
0.23217631046371195,0.05114186420960526,0.04310627886658326,0.04545838952667858,0.023207941663198763,0.016352654067548676,0.030275838368671336,0.0034099892290158874,-0.09418502536843178,0.03282108629421885,0.03287093410708429,-0.006386819715189708,0.022798009102081875,0.012714872970371117,0.013606878441196835
-0.414771382103026,0.00018513383102299226,0.016939385024257667,0.02217409590764763,0.011202751199415568,-0.015968008661472386,0.009057083099470398,0.011789631592947056,0.012147154426451413,-0.023217301975451285,0.014189150493842033,0.005598051412275423,-0.014474045862045431,-0.007835036921293476,0.002352540762303568
-0.36046650364633914,-0.018357435929580584,0.011724551305836531,0.032008290995785546,0.0031735059415666355,0.021669239022538082,0.016923342419380684,0.01744047717423013,0.014094489302193258,-0.03680875027434277,0.012531818474618938,-0.004835219084619983,0.018716001323427933,0.009869856551089323,0.011685538650560568
-0.3529922923317786,0.01372276077381164,0.009550925656270309,-0.027607815717721165,0.001717833718193727,-0.023906094105529335,0.015929901685031108,-0.03633861803029784,0.0074286729007025645,0.014037519840975472,0.014546416834004932,0.000466177669792865,-0.012024906414609994,-0.0027781713199052133,-0.0023831089325960318
0.3240017983053355,-0.0209480505529366,0.03725914795851058,-0.01763165535412838,-0.01110025270464054,-0.0031072619176372995,0.0487829670402832,0.01955570768082896,0.025278258102807778,0.05512824895350948,0.028232616618224828,0.016864263443189108,5.274117585179328e-06,0.012727253009097994,0.014320887526315504
0.2564180542872619,0.03823369348958285,0.04777737779079618,0.043165566751981355,0.01784317189417144,0.010188601240730366,0.026359398130671518,0.021721650279543453,0.016587008474902014,0.03206664705901082,0.03478772206085068,-0.01651821160692615,0.01603827144562568,0.008114147623172797,0.01658610330497008
-0.37336693736338533,-0.009255719948480994,-0.010252275462535132,-0.018762656438665974,-0.005852910043841678,0.02553605276012945,0.02314528568874483,0.020885261388496952,0.01758407655024798,0.016169791000170748,0.0076702295690277535,0.0104930852697386,-0.005852729358105033,-0.0008527234617777696,0.0020813720765800693
-0.42657267361308815,0.02577448813089856,0.01921516353578778,0.019896826198878042,0.010507829234814269,0.012155288898960578,0.012443691143638563,0.012152076498006746,0.008767428072759884,-0.05902710962596448,0.015325013163939073,0.01554808988479037,-0.01502951781876224,0.006477398701488105,0.0017352098201980203
-0.2805760660104219,-0.025059810352958106,0.008679170234925059,-0.02373916357766908,0.0020655291273490887,-0.02403355098841409,0.011743914070952124,-0.031865481620827814,0.005872248133420293,0.011851717761942654,-0.009372208086810335,-0.013418545246742642,-0.027387105979688107,-0.0020032938803764147,-0.0033881513583357793
0.30615977359259317,-0.03081625173715239,0.04003334135489521,0.04313001959848237,0.013344658387366795,0.023861944271067012,0.022897255385442405,0.024214975164743358,0.022196488148567377,0.023324113629552626,0.034468340566030195,0.007491434425898524,0.01830132061732584,-0.01489724085401071,0.015659029675543463
0.16390894860593752,-0.0141499466328854,-0.08960971908290027,-0.05982303432249417,-0.019769710013415938,-0.017879940000667626,-0.09709142075214505,0.008002175525147766,0.026745111672875972,-0.05149260809311033,0.013406760886981645,-0.032244345473548756,0.02721506588722642,-0.018341890868397655,0.0004937548877409352
0.14315506045046655,-0.01787199210597394,-0.08378530863385614,-0.053567707415878574,0.009015012260386751,0.00965486764465923,-0.09865133948940136,-9.011480603037977e-05,-0.10108049868756241,-0.06336400433987513,0.06547597437836467,-0.014435876052984766,0.02157386262324809,0.007311537572349692,0.006029728828432677
0.24077695989775588,0.04017745701953673,0.047996263142427206,0.05691775835577493,0.033185331333174466,0.014469522886821028,-0.07860489596943071,0.00489939008641788,0.022688682838343112,0.0009604907641137591,0.0449247529941621,-0.02925993974634473,0.023269896589845903,0.013461008714684683,0.01350652331906268
0.11181197754455817,-0.011646601436272521,-0.09922440274707345,-0.06062997644475283,-0.028481013396198136,0.0005013943279400725,-0.08998550179703477,9.34290721407777e-05,-0.06683991725874461,-0.06746698657453039,-0.02996820312728283,-0.03384374993957406,0.004809343468353636,-0.012450861210880048,-0.007309728254304024
0.30577214044571555,-0.03157392455359752,0.04561019396215846,0.03903752118487962,0.016532830124487172,0.011247639284615295,0.026463501493806885,-0.014183834082588189,0.016782552183455937,0.028136696156021213,0.031309533682253976,0.020412102670096393,0.021320612154704932,0.009342253464323687,-0.00684061594398831
0.1724790121946987,-0.02516347474688577,0.051468759251515415,-0.04516541715059814,-0.022513441452918424,0.007861600470464499,-0.09938751527189228,0.0060482645017036875,-0.13632196443636452,-0.06682761087527285,0.04242114610013955,-0.017953946638521803,-0.021294292720845934,0.011852078432899798,0.0018660045682233875
-0.327090000590296,-0.013891498426866091,0.009537199098625862,-0.027679079057368366,0.0015241574886142772,0.017860620220265477,0.012889795446088129,-0.04660951680731505,0.007818144272224752,0.010973106946514415,0.012478139133185216,-0.005590958962656044,-0.02396368119046619,-0.003922539207771223,-0.004964686136434348
-0.28363942445402035,-0.026545885537694058,0.01477586494700335,-0.03105288664419484,0.003321436569665883,-0.025007620319273678,0.010520720881888209,-0.031008811436051564,0.004028385494909856,0.0073822816007191,-0.008567009631552403,0.0023095845183499293,-0.025862951528415848,-0.003358269860920679,-0.007926212374068167
0.28464896310591703,0.028914816287529618,0.058658627450337994,-0.03574965036577504,0.028712253419708005,0.006281432750033475,0.04497238768363895,-0.0017792703357676896,0.019932597782068073,0.03929708463025223,0.02700317738983303,0.014637422900465888,0.022821039577397922,0.010126528673071455,0.010891791277633962
0.2686274210384106,0.018618046689948986,0.024819863426015935,0.040509566463588005,-0.00858916175326053,0.02144177686122181,0.035243406061045805,0.029799236832369187,0.011356294659823843,0.023370940173454823,-0.023880929193813925,-0.01043225972588231,-0.017237022179004774,0.007549822395320926,0.008172200477106786
-0.30660327496075807,0.0011778407986035421,0.002878918736290384,-0.03775919162934438,-0.004087521882719738,0.010896238061298006,0.018408899794154818,-0.035394938279724494,0.013208182387376035,-0.036333442593700666,0.015636298232420777,-0.014162160799384673,-0.009723627423905163,-0.002165732304263288,0.003392714090002089
0.1683275393309004,-0.01988741063099325,-0.0752416429780605,-0.07072765198692971,-0.022013044664435065,-0.003168682576963306,-0.10485306255887318,0.003980398018017376,0.02411197027150341,-0.05376618268333297,0.009469328506516321,-0.04169882202734854,0.017147606561229024,-0.0054298962812472365,-0.006881244073637602
0.23678992646480285,-0.011031808995996257,0.062258968412722826,0.06587186264901362,0.0315039587518353,0.013402397932174872,-0.07600094919174792,0.012381611109474456,0.020728927738165252,0.04242097977273211,-0.032512689554559104,0.02225568846309468,0.020289554057653446,0.011461200388559783,0.019549574228419107
0.127659759921248,-0.03164412584371241,-0.06810127949907742,-0.05105791823817662,-0.028466244168134907,-0.006442490498641417,-0.09677257525520067,-0.001868305856541396,-0.07745741227704217,-0.03626005380081905,-0.0453594162169738,-0.02882163415667296,-0.013953515579174096,-0.014432490440240819,0.002346904135504632
-0.3085843879007178,-0.027265121269096016,0.015018970325519276,-0.029972470249468093,0.0049666276928481525,0.0001258113783508065,0.014282570363813222,-0.03261759062733321,0.005551419130459477,0.01208585746762112,0.0016145516345095262,-0.008548769554190096,-0.02581336019557556,-0.006488127777510904,-0.00498677819288523
0.14009185534451024,0.014532093635419354,-0.14820491088153254,-0.027713073686317,-0.03961828385813985,-0.01893422628985635,0.028415324616049786,-0.0012375615435250922,0.012507732253078887,0.00900179135060981,-0.083802640664813,-0.008754401608551662,0.0018794855684464607,-0.03476751281243605,-0.06402646919659785
0.14673513283249043,-0.02023736092834404,-0.09920848194523177,0.04834209676124717,-0.05404902867209059,-0.002149636965937,-0.11051251491059917,-0.008972821124462689,-0.06834796205077814,-0.057942515539975994,-0.0007188971391514623,-0.01998138195555148,-0.035585154708460694,0.00839926481679135,0.0035984637563990715
-0.44761713921036334,0.01087358180924738,0.022337706658738014,0.032882518481967736,0.007669707500431517,0.016871889259642787,0.011910049291559255,-0.021487954601019033,0.0035978464263110334,0.01428546044056087,0.01441747135274629,0.00043069938400414905,-0.00469747913643623,0.005106168612036476,-0.007211324043082282
-0.3239019408731114,-0.029944296024041778,0.010177947992727294,0.011715584492570204,0.0046649666655232715,-0.019032822720273616,0.00860084047376386,-0.025704149237491855,0.004459313064393944,0.010540903799599214,-0.011350283320553463,-0.000881186054760238,-0.027807911190267844,-0.007839724873492158,-0.004328039968240884
0.2594865739388799,0.0072319389228107794,0.05131750940010621,0.017447975882202156,0.03087956740200696,0.008189800454594127,0.028551526636501783,0.013759820417686886,0.021083227015468328,0.035587920282126075,0.03971850485500701,0.015092984557264284,0.02308761171610929,0.004289111951810451,0.01364512879377093
-0.18555025387047044,-0.020496334935608873,-0.04209898659471083,-0.03391203342209742,-0.01156103834298283,-0.023314371660238472,-0.01988142580414582,-0.00998189154771537,0.019266144828887437,-0.017194456954311255,0.0029903872418138343,-0.012033757775045286,-0.017114474012056215,-0.0060095611471650415,-0.003738743777808313
0.24630860451354267,0.018075172106670735,0.03902306279589308,0.046127558379252545,0.015892609119309054,0.020351434840443893,0.022836537214399665,0.024924703773960822,0.019539617020972535,-0.03441084158228499,0.03129458511783409,0.011964305409866512,0.000603341308821691,-0.006875542420990466,-0.006285945371346399
-0.31641114406390386,-0.028966423481188965,0.020749622207766175,-0.0256472921428772,0.005891900697793509,-0.018645596016807868,0.011805689334297039,-0.036771905860605504,0.005718443897877647,0.010849341239655336,0.009791024926524948,0.0034701090442018274,-0.026378790009233544,-0.0031890446722773603,-0.00289673287487765
0.30345119386181274,-0.0050347183530770985,0.05005666930284937,0.009092332482312624,0.021785314386921262,0.021029147688730414,0.032826597562074324,0.01799147244438255,0.02400929365908097,0.028365310588589307,0.036308471721459366,0.019845826480576156,-0.005862813102425117,0.01479258480262568,0.01071251870043271
0.2692421810336572,0.03836660176976842,0.0490118269878653,0.03552047311420926,0.024424677219335392,0.004438101074927304,0.025264377265713362,0.019205097752291574,0.01315899142647203,0.026024141323469967,0.03579174197353409,0.020171602793297883,0.016399639102432712,-0.011520515767388604,0.013870265156759055
0.25888579304748166,0.028932250757381893,0.04395381282703358,0.031001295176417365,0.01651121998220437,0.018994825313774395,0.028070883506876837,0.01795376000127203,0.014876858940213292,0.025697710573546487,0.03361112275149336,0.017436442060057507,0.01799377003803145,0.010106856213438584,0.015342601037122372
0.12575930223534182,-0.011294427935553427,-0.12199187328989544,-0.0734668886106349,-0.04330461409291569,0.004888209627416579,-0.0815414282670895,-0.04351995643024262,0.00781131085937563,-0.07031281457264844,-0.042824968596556934,0.0017138852962691013,0.003566721747839148,-0.004691494791072148,-0.021421760953288203
0.14078587020009758,-0.014488219260068198,-0.08216093882046555,0.06063367028349194,-0.04507292704591692,-0.005346552736301294,-0.08158210778506134,-0.010068680944881385,-0.11046419903869385,-0.05611348452965237,-0.04211962743405403,0.020179724496523214,-0.023539737206055848,0.007875005618779808,0.0008514064286031787
0.14651978277736344,-0.01028681854597416,-0.11877033392835987,-0.01958839478397442,-0.031011217926623633,-0.0034837380963809775,-0.06849461949506339,-0.03994171627923797,0.015313243170014115,-0.06640896383930465,-0.046300147135294414,0.01486890891562104,-0.0013289885208091828,-0.019783910283423484,-0.021933883802207663
-0.2514421028307418,0.0009834425360136317,-0.05255094300902716,0.04160445749150141,-0.020529477892688656,0.008947350817732649,-0.028950200997884253,-0.02664886353826579,0.004501120436938968,-0.030854069496995127,-0.016207872294956117,0.006300931166864464,0.008456038725252555,0.001886422522461319,-0.0061270314098615854
0.27914002542684396,-0.0034091160757152186,0.05198932690201276,0.008762729571074228,0.022936007842760342,0.013881201875944407,0.044154228203866504,0.020440698292258655,0.0205569917349882,0.03280791301005868,0.039030789468058005,0.00026305722699638726,0.01707925624020796,0.007094999553287642,0.014641092953702558
-0.1720230106122238,-0.026418635124088992,-0.04621715779076371,-0.02663367808376505,-0.013833279147338583,-0.026684341276950067,-0.035483080655307545,0.01046075129213462,0.011473799171942894,-0.023240851751156637,-0.007158388560409036,-0.01597906325161185,-0.018964063735850453,-0.012421652505246406,0.00249185425697966
0.1586854382534955,-0.0037595137723467256,-0.03136163196354292,-0.023271573980234123,0.028648741214896006,0.011642422932720123,0.023151659605059733,-0.0010678481425686734,-0.12124185700178032,-0.09272991249974716,-0.06401413812213208,-0.009060729091811307,-0.020234372300935638,0.0022416871633699344,0.0017408299319027368
0.2593000014004517,0.03301135229123403,0.04471538698595535,0.03595712296086188,0.01713632527701461,0.020184286075669543,0.025578005472198205,0.017522151814044113,0.01579173109167283,0.02424011005144344,0.036354029032693136,0.013932035879209045,0.01835683474363306,0.012478676909393936,0.01481115224087023
-0.17324048621442054,-0.02759661163296221,-0.04526599465678553,-0.029344495418827755,-0.013751267742996046,-0.029584692559421078,-0.03572118107496529,0.01019393219134266,0.011384341132773274,-0.019953764177240874,-0.007500901225829079,-0.015547246407919421,-0.019822846728339012,-0.01020186193699489,0.005322278678930771
0.12246175450133487,0.005077675922297647,-0.12165649192908122,-0.08039265161839776,-0.03252131662808913,0.007697769035243901,-0.08210395217930506,-0.04375686382635781,0.020411993813536988,-0.07001543445015034,-0.038911925672968965,0.019025840489930716,0.004632706671674547,-0.005802511647237377,-0.024777390256086
0.2556701667033897,0.025692080054947976,0.04585967183427603,0.022980546484505905,0.013982882297485066,0.0067177611171001204,0.02671378860272705,0.02090507221335585,0.01417608077474889,0.023893211992872868,0.03358505336873606,0.022386026332331447,0.015211152749873632,-0.015117229796662383,0.016712937496656963
-0.4310132877348094,0.019799674071773465,0.019879894730081213,0.026050551339645015,0.01080080583117919,0.0032048540989510713,0.00813804056048705,-0.004952773134798549,0.011290527238576663,-0.05073805860068891,0.013271115067497325,0.009043763744987193,0.016363968703377432,0.011240333057510323,-0.0030102067474240962
0.2632181469278729,0.0355253251821826,0.04375747460749642,0.036862099594971325,0.020322678637840347,0.02215572090452442,0.03130657829048147,0.020959677255019373,0.019348098475012124,0.026526369396600358,0.034172416246566056,0.014502525796843607,-0.004428483938929569,0.01092408567403266,0.014216489175830942
0.11437745403465667,-0.023488793497870922,-0.07977523912488248,-0.056196670550513715,-0.027899660282568593,0.006023409884584208,-0.09426008186701981,0.007123059738848248,-0.07863544483486365,-0.06526740086317705,-0.05928016740346448,-0.021699390866103434,0.006555306781718385,-0.01162924570356707,-0.00657793321943135
-0.4720424694162343,0.03181725552823644,0.02069231022692564,0.02273258718381577,0.005309609926080224,0.004841871037718402,0.009343694872567388,0.009647376116315252,0.006154847173364491,0.014052395534762029,0.009684995037711298,0.008979695677329692,-0.012543667370319856,-0.0011668633602906838,0.001865564058362961
0.26922817808401917,0.02925879312850086,0.04851056200158498,0.04721120880011641,0.021840246361991455,0.014971042683985712,0.02828762601278114,-0.009291233314284355,0.01927190045184146,-0.0319406092285876,0.035847031468200216,-0.009809380678513824,0.015247375185347035,0.012816425820152556,-0.0020799645507901016
0.13871178141569127,0.019995698715420875,-0.15924732276439138,-0.01774902905266051,-0.046626671960347386,0.007038489734710014,0.03542192213859707,0.001988769691703873,-0.006617864335722151,0.007753710806273899,-0.07262111470430774,-0.007490998751375049,-9.075300497468317e-05,-0.029368745752785617,-0.05172866994948769
0.2568523797248893,0.023124855153999965,0.04367863253630589,0.055819099191739927,0.02730886917565451,0.010663723484376917,0.02309940101154198,0.018858328545563265,0.023760572154830954,-0.09738754018151795,0.036807100111386354,0.020259980209120617,0.016016018421912335,0.012166200363358545,0.018341582323182604
-0.4273148580889114,0.025730021121442587,0.019256226505597145,-0.03048708515974685,0.00026275230834604503,-0.01675741333368915,0.01190563177075321,0.01006693360249254,0.004488553051591231,0.009381870618902801,0.01736793329034183,-0.021278234714633144,0.010247700611459203,0.003375669708448504,0.0031235009339498384
0.12911710006541788,-0.003653685190271879,-0.11510781326627924,-0.06382570985733363,-0.03690513066502221,0.0036509126922448726,-0.08340410268394548,-0.04594226748397404,0.010418921570462853,-0.06982782175158597,-0.0439479197093518,-0.01778517875305577,0.0027794338962480332,-0.005558958913200296,-0.02063857772400847
-0.35664709470417627,-0.03843958066162534,-0.02557137087861986,-0.011885242781003207,0.01812887028878269,0.013589117484365802,0.01784723509066906,0.011805656072319306,0.015639995723020685,0.013767098036279408,0.017404596100015053,-0.008197026749505124,0.016646818916180594,-0.0070954753538551825,0.0023756056434970064
0.2445782726430058,0.03876759809479861,0.057811663439267885,-0.0022357817815416682,0.02483476100164407,0.017154029402664632,0.041638492721454784,0.007195191055685664,-0.044353681667847436,0.037348249597139636,0.04036302081766194,0.01784067087358559,0.019515855037156974,0.012383410049009128,0.01652745094265952
0.3163276884362848,-0.038196301370288836,0.04631439231355839,-0.026824061559734613,-0.019588608595763026,-0.038492289790002,0.0511024336361974,0.017079698060966528,0.027704374996248216,0.05241402009201719,0.035789841046666715,-0.006269431389051617,-0.0017258184028081057,0.010527545518990869,0.013205719233063313
-0.1975362234899095,-0.0025413665945525125,-0.05115118708073945,-0.0007356933192447465,-0.02493007853663718,0.003613160350298816,-0.03148815085090648,-0.028117620443751733,0.004275924249752043,-0.03800034300676776,-0.02453189053361811,0.0067385603857406315,0.008399412725976167,-0.010686191617729515,-0.0139391100115658
0.2119062740091261,0.013641863397591554,-0.1325020148428806,0.03719724940953586,0.01695879085483277,0.007247722565021173,0.04933629061874328,0.018176348230437,0.025874016315294415,0.037618738549603126,-0.07113517906922807,0.01636957208440374,0.012005864727828417,0.007687671925879248,0.018985993450157182
0.2240102861128695,0.026839649370310352,0.056686924603386965,0.05584530267839287,-0.04047226626948375,0.01741110270758418,-0.05767142222852906,0.018196450977950907,0.041123537997963346,-0.07854532421349784,0.04583050227709054,0.018847829206531247,0.02361570581818592,0.022146371815432848,0.015504551372157106
-0.36640346603227253,-0.044387199400775956,0.018543008222867037,-0.032277394607513714,0.016533301771354265,0.020022468356655915,0.015867267385190474,0.01578046295230539,0.008102864929893452,0.015774981694138043,0.015324628839957478,-0.0008884910959562172,-0.023672496449738897,0.002377961631714914,0.008671304028525098
-0.47901437225776267,-0.008427376682505419,0.019298328196670878,0.017567978111930557,0.013213886057738275,0.019255452523769194,0.014861535131014098,0.014647978158393736,0.009656968248843536,0.015545153934869448,0.01685515738908466,0.007813533058031863,0.008828852158547748,0.00025861472936135614,0.009007513468357698
-0.3027050450887058,-0.018078888350621675,0.0120551557080946,-0.024797872973551287,0.0028212862011218888,-0.011772929153596874,0.011996276968305242,-0.029337676067836455,0.005998086345215236,0.012401240956887848,-0.011748525103048286,-0.008616468686091875,-0.020656487197373907,-0.00547124059609221,-0.0027177107363615654
0.2798127245113755,0.027122375825238125,0.0481125373536759,0.03339580043653829,0.016973900291476312,0.0068274027819343955,0.02918404900938517,-0.011859763587776365,0.01817735835051797,0.02946569289925753,0.030301343122647664,0.010907473321000168,0.023145603854227592,0.009660565177286426,-0.0018578611204396972
-0.4089614101913128,-0.03745279967413946,0.019551893472143773,0.029340149191465083,0.0057433332784223015,0.015417280894592648,0.01155936362072862,-0.020104445016931115,0.005267694852199859,0.012318628309433914,0.01525644056797523,0.0048886743400788964,0.01578983814581641,0.006337756940937441,-0.0055831965050661585
-0.18133291787568945,-0.025941979839397094,-0.04604001508495475,-0.03084088584230016,0.013768547649797977,-0.0169684896832461,-0.02937752830188036,0.009547904581542609,0.011945719387952372,-0.025132107624191508,0.0020963863709679135,-0.017924353344384646,-0.020262774513192493,-0.00648872272287398,0.0023204190681946862
-0.190006590159614,0.004797366924408058,-0.05000453021738234,-0.03920044874775879,-0.013478758879128286,0.004283771009297785,-0.03171957786141206,-0.026291662388904385,0.007212928276069489,-0.028219228235681515,-0.009425281071198109,0.012064957455972719,0.004427002607159098,-0.003819020182155,-0.0012517263033276712
-0.27930419320476213,-0.011108572648451625,0.007762711348451332,-0.027108445865925368,0.0002242441689124656,-0.0145823668282693,0.01589594653952391,-0.03391319404495392,0.006299481824270954,-0.007219635746249024,-0.00881630952325937,-0.01405446018683382,-0.013968651431706178,0.005038457871676882,-0.005775810046079612
-0.1762239656579663,-0.02849532323838473,-0.045008080544752166,-0.027480697400833986,-0.013690410772817756,-0.02785631313820315,-0.03463629503173541,0.008894579033083059,0.011358617687965833,-0.019848617437136687,-0.0004257701959716979,-0.016194264056598965,-0.020142006647505935,-0.01233787393478293,0.0014556235619859288
0.14512616103800052,-0.021246241746658734,-0.08955642112999769,0.04041542237507606,0.03799411160020336,-0.007241453368191551,-0.07012893936635925,-0.014128301698533062,-0.10771989334661157,-0.0661514479560036,-0.07889265234480809,0.013519958858968669,-0.024008418317656523,0.0016199830812652458,-0.00023266545234884822
0.10883025291222409,-0.0021980223339270874,-0.08188549042644593,-0.05517979391281009,-0.03592121978650323,0.0035202906371495043,-0.09635777565892392,0.001629896562433994,-0.07480436704168451,-0.0734422896691094,-0.06075979974449326,-0.030171124011406043,0.0027946044941149217,-0.005165339652826214,-0.0015206201414480762
0.2520162204152422,0.051198607464120444,0.052802687548429025,0.05233559361863389,0.024285967552973197,0.015004004185025607,0.035679222276344305,-0.004501976506238857,-0.016308927399734167,0.03451826046150104,0.03170941837541284,-0.0008033601124341803,0.030255436851996165,0.0133247852181872,0.017853262276886352
0.11923786906965649,-0.027006225579360634,-0.09949576304116646,-0.05098127685795833,-0.030253009887064784,-0.0033027552767139353,-0.09167990912154576,-0.0007714084181648631,-0.05064688936552668,-0.06118408959114224,-0.06370544362080718,-0.030622210154375676,0.006293729130558371,-0.016770868318794752,0.0002574532587513975
0.12130090529176157,-0.020355714041312076,-0.07545896930435009,-0.053930573252804884,-0.0317656924381274,-0.018332310957485824,-0.0736923051773409,0.0008059669676905934,-0.06748159081737741,-0.0472385551559799,-0.02908270112417652,-0.01827870369685999,-0.009553916367787496,-0.00816655523913063,0.01059991753962575
0.2635951777404606,0.03622883195528705,0.044390574286185536,0.0427451189893812,0.016839606845969655,0.01870718352749728,0.0228561606865802,0.017579608204449676,0.015496389184797787,0.025658431032306847,0.03454054676563136,0.011760339383334952,0.021450040486085262,0.013210808372206334,0.014310384766171318
-0.161772423938997,-0.01854935987360151,-0.03946343842794744,-0.03237841664808676,-0.014208230502363741,-0.0011244258754530062,-0.04358356970510885,0.006055421623619125,-0.022492786579908674,-0.030843983805334072,-0.02104594084654867,-0.004889086175885957,-0.007425343377070196,-0.008806653538987907,-0.00010256010198035861
0.30902899404938866,-0.02415178518696344,0.03653845263469638,0.04564846159909744,0.02055701344170975,-0.01402373849451578,0.023161529831651522,0.010285869746200516,0.021220004487958962,0.02610843005982019,0.03263019200251583,0.0125065188169283,-0.00787536146052153,0.00024997335183633677,0.007484647346541871
0.25563603453545763,0.02268106499621099,0.04333644594750554,0.04607443473479775,0.025644222857650143,0.015431383322298951,0.0266930344709555,0.01955885111178367,0.02132904362265965,-0.10373532311116059,0.037966443974258884,0.01649374313322073,0.021444077222267606,0.016536918122963398,0.014278827285475271
-0.30406645325892,0.016167994018816738,0.025547009473120778,-0.003368642073031065,0.013198387895024748,-0.04446462958392178,0.00832717659414637,-0.008319095380869732,0.0025413157059827854,0.016626514614863946,0.012603223936542961,0.004518557631604898,-0.022597919523048286,0.002115892967463404,-0.009460130791431409
0.09479887482669133,0.01859521386872502,0.04166007468881243,0.034029127283384926,0.018877189743605347,-0.017890445332786387,0.01998018053655576,-0.03242359598533,0.024316972113415335,0.01958686632077716,0.029541169863957745,-0.004938100673867093,0.020796725682576952,0.008277237672913567,-0.005838288383086946
-0.2835848499385902,-0.022589947468685454,0.007324630161901606,-0.023473516646957487,0.004004347344789744,-0.0246557724975761,0.010668811970983325,-0.02893832418549064,0.006515160934610908,0.01185331830945448,-0.009447789132583746,-0.00814023287983221,-0.020851257827715814,-0.005385541354933586,-0.003929834563030048
